episodes,mean_score,std_score,shutout_rate_%
1500,20.382666666666665,8.914026744636322,1.9333333333333333
